{"file_hashes":[{"block_hashes":["lH+5oxnWU3DRtxRLskTEmuk8SOk6tqTQxBH45ESTTEw=","JpSgthJ8k64cR1yunBWO6BMiIA5+miuQz4aGCT/eDCU=","RgNO9fACCvwKmJHQKkpP2M9LyTIunbhH9P+UIpp05pU=","kcdNiyZmqLCkCCo1g+VQXUvYcpDvi0pJbKgszXCyNbw=","bCP3IqT3rpICnFEz1LDDEAafK1lrCOlz5rkcqVov20w="],"block_size":4096,"path":"config.html"},{"block_hashes":["nb8CUjOFWIcApKNfZU8qt9s+fhWmyA9JeBDEGLKp+7E=","6Va1+FGVffPFeMwuhF55OJU3xJl1fLyDFcxqLX0SOd8=","/dR53yggYDDdZRY7DIgeF9WdSTtqCxFPJyBGpcY1e2c=","H6LTz/nNqbOYRczgnL4kZSoorCz1R0qI3SzeRrU9U2o=","/iknVMpI4Jsy0N3J86oeOALskvWPPV1aL92kALHIsZw="],"block_size":4096,"path":"css/bootstrap-theme.css"},{"block_hashes":["m9voecK0H5+FpGi9AEiVyxcSFgn4249BaKDy7Tp3C/I=","DMvpeYf1cp9kVu6kEHlJ1GY3GxoHJPw0M4LQyMTPaYw=","XX+mJ2uyTru4/bGzmBPD2Zb9il2TpjiLQP0X6CgksZs=","aF/Yj5R7EMSipYU9hligpOj5tvzvpZpeR6oPNLutuiQ=","b8YfQiukR6nyh+1Po1+6aOX4kvdeDSe2ZN42n01Fidc=","YlLSXD5fpjpAsAIbHLrqSmvR5Mga7S+GbXBY0JbXJmQ=","mb7ubDcHOlIJMq/4XZ1u+XAH0J1p6+dzrP8hKi+hDO0=","Lg5cO6uXT64jIYzpbsMc+nJVSjOegzSG4OrlGpoAi7c=","Ke5k34hDUuqswFE8tv+1IRaI9yY4HxiKYxwz026RBp8=","EoIRhBpE601if5Nv+GFL5In6yLpTqryppipVt62xTzU=","odfeyzr2G0zaAndhGz78RdKAJvZOViVNRtUJ33pUov4=","a8IdHC+HxItpjCueoZGa4OODRYNbgyWAzlfhFIuOoH8=","alqCFDCzxbXqAVe/4/eAClhSbKlgOnJwnijOHckxg2Y=","gSSVk8DctiNng/OtFICkSGFokj2g3aseHZ5f2wea48Q=","jou8MA4er9EdhehDeUkuetqW7aW3Nd+yr+B7sCNZ9i4=","693rb+Oq1pXoTeZFyYfv8NI1XmJIhmfNwVVsyeQN550=","wKi4fkc+PtXjRW/d9KWrmoU8/qenjZB2XFVEHf8hcKI=","rYDpE3GdctxEog3otwpzr6hFWAJZ/8cNthEv1ouLl5Y=","TxIjF+0rKVuT05CVC5032Yk4QxonejPTECLwSiknUUs=","X9/9DSM688BwWLOZcg/P4lfod6MYPEXmwV8AIKj/ZQE=","TNAmpXwTOPwbYBxpgOcZsInziy0l6i2/pXZfJ0BbVGc=","X04wKa9JSXnukbKqco2cC6e9arq7W5snXNpMH3TE+UU=","J1tTHeDl64gAzoItt/riMnNr56LJNmt3HqKb/GlIpxY=","h8/GeALOIEK1m4VIsDOw7VEGfrTu/qIU6UVdOt+AI2k=","gtifou5jd6578n7uzEKhcbTILmZAoLEff/NDjG0bEBg=","8e2DK1lXGKJypFQFO+2OdwrwM11FO2LzMJFPmGYtewA=","5ukbge6BsHnt0L1p2eh/fvE/2K+uAl0nuciI5XXviLk=","YGjL6Crc344iqAmnC8reTMM7cwqN3TDoofe6th3V0V8=","R/3Jy0tY+AaKoIYtIyIQr+eAc6OX3GUeA8x2wH3vxdo=","T10Uwq0WyhXPelQtWT9cesBoqtPfKoW+6BxZAmBhBKw="],"block_size":4096,"path":"css/bootstrap.css"},{"block_hashes":["blYckDa/z6ZiLXEkaR8KjOL9S8oFKTGrI4ja6Dc1mY8="],"block_size":4096,"path":"css/common.css"},{"block_hashes":["Y2ovOzEeutmVoQ4G/zvAA7UXvHU3DAz9XrCFi0Rz348=","2W/Ll00eaue7EJcDdxq4WtIedDMLmCejTYoeeSXK3M4=","JV+U2WSZ+YUJ9UY02EnmKf40CvnITqokfWLwr2Mf9SE=","I3tD5lnD+ukrseYqmh9Ajq8LuXjrEnObYI/uIYnGKDE=","+S419BXQv+90kQ1fg8f2u8UTaXg6/GdzFYFQaWPEJAk=","Ne/vu7o87Zvs3waqixJjZN9cY6gBY4+aYWG3GLTDNW4=","aVfXl6VBmxNEwBJfsDttW42s0VlWqVMyeJo3ZQS+GWQ=","Kdu0MIo8ifK3xEn9t1yQEV8oBczIeZtHHYoIlbdBHDs=","ucYbQ6VZ25XkJAMLwIlh76seasgc6Gp8+cvDTlJ33bM="],"block_size":4096,"path":"css/jquery-ui.css"},{"block_hashes":["29bZtE8EpkY9/kb3K6xljqrZMto6BcJyu74qM6Nz0Wk=","bL9e8paYaHREMa2TeOTajG5I5/CRU4np9VsRdrJdslY=","R87qS4IvXZV+yHj7Ppol97BUOwYzYenN52WaDHVsTFA="],"block_size":4096,"path":"css/template.css"},{"block_hashes":["QXMqjaJcPyVI81ZCSqrDp36dOcviEvOIuQOCYmF/CE4="],"block_size":4096,"path":"img/bg_header_menu.gif"},{"block_hashes":["zoOIFXgaBkipNfT32vu4fE1hJp2yjZLIh2eqYfz3hBY="],"block_size":4096,"path":"img/bg_header_menu_right.gif"},{"block_hashes":["fCCw4z7lipkXqXuePHxgb0IPZ7IU14L4+zjvSbDla38=","PytZH5mQ95YhKz3CoA0SU3UTxJ+FEswpngKnLBwIKZw=","Hhdcu5BBWoFXrXhliCTZB3Zt0V7O0RhelfvxUHoP9+o=","sq2nMvS55XiTCo3BbzQ5Y1//Yp2tjes7Qlj2Bko8tFI=","fAVf8dUIvt4Jsyut+LCqtJ7qsx10ePOASoGlvU8xH1g=","3WN/0ChJTHH2+g16zEmnXg+eEBs57tUf8ThfPu+9EHU=","N3X93XBjSkTBuORWeELM6vZCGgB5vKws9kWeQID0GCQ=","aew0juXN3/U+KTEIyzuZLvg8uPDVe3mZte/DW5XCjUE=","oWBJvXaQRLiuZpOe2If66698gyAIa/9BXWoykgMlT/o=","FpMmO38u+MeW7zbbfXXDsscjjjac/m6OZaMvasEQbBY=","c6/VJPTjJw6pdx+7laVbcQwTb/b961zUiaiMxQ/QYUM=","hPi0Kf+tKA+591BdwmAbW8Gdw/KsGBVvCGgxdInxUrg="],"block_size":4096,"path":"img/bg_image1.gif"},{"block_hashes":["88SdyyBiNZPGb4f3NvUqdKTlQ2bLmyemWM6p3a2D+Es="],"block_size":4096,"path":"img/clipboard.png"},{"block_hashes":["ZqOo56PombD+luV23NSYs4XWTd2eE85iwYCKZAWOBIw="],"block_size":4096,"path":"img/collapsed.png"},{"block_hashes":["9EHun61CuBkTs390Akgky26hVyQBlztIWiBnWx2FJgs="],"block_size":4096,"path":"img/config.png"},{"block_hashes":["baUPGLfEeZWSHvJTUYBKPQggcGJ64l7ptoXX5kofu1U="],"block_size":4096,"path":"img/delete.png"},{"block_hashes":["1OWOp+/oCxY2PAiGMWr/g48zi1fbnNFqQdPENsIEHjE="],"block_size":4096,"path":"img/expanded.png"},{"block_hashes":["UxChnQhqZo6cz9hBBVHjp+rRiRgsF2buMDbxQdOA7VA="],"block_size":4096,"path":"img/find.png"},{"block_hashes":["vcO1Gpyh1fTKqFbTK22en5JBRfz0QdN2q5Abn4Nb6B4=","z75xNVolaycU6RiZusltjXc9+n0hUWz0bEIIYlB88vc="],"block_size":4096,"path":"img/incognito.png"},{"block_hashes":["4EkpPSVCOEfNLEIU4Y5FkaKNIuq0pvZ7Wo1Zs3/dUgE=","DovKEsJHpApJWomWkWdpeR5Qiw0lqYhr6WE1tM0JHKQ="],"block_size":4096,"path":"img/incognito_gray.png"},{"block_hashes":["rVdbX3BiROH+yvdvRimyJfXQbZPGSoWenyPqxB9XXW0=","fRR3SsFEMF/QJemL997Q0SJTfx9V25fpJ2hJE9gwAMg="],"block_size":4096,"path":"img/incognito_navy.png"},{"block_hashes":["F5HsciCLeYxx9Dn2K5hCmIpxqE5r9ZzFUXWhzsL3RVs="],"block_size":4096,"path":"img/sort.png"},{"block_hashes":["ja/i9OPfE7kAQfVfl2O5lrtcpG7I3pT3/K/LhqMvJIY=","wSSBTzDABbPZg0xh14tfNn+1rCi/F0s9e8zBNTwiH34=","tHfFSHBdogLh06XGS6e9lukeciHUN5yOnmAZTwyNhRo=","Lt3PVX9pZlV4M4tRVMcqvtWzQuPwmSKwjh5mHvuiVt0=","dk48XqrMBCKHaO7z+PWkOES/B9pBoSKOjw9PXyVdfVM="],"block_size":4096,"path":"js/account.js"},{"block_hashes":["fDF1W9Mdb5GihahwrdRC3QRsjGqkYiFDuc59ZPOgEGs=","dIwAlmIPK6wP5n4wFtfJgsoe+nADVKN008hOLVS2dmA=","70JiM3GmTCuxrMHbTDwzsffXdT3EYJupq2BZRnq7c3w=","lVqUSLwoFPFrGLU7yTqd0rKCrqVg1wpWr8QJYvDHcPI=","xTSUNu9AVhAoSpVHAlfhgtqhUHIUjDb++Ikt2/89364="],"block_size":4096,"path":"js/blowfish.js"},{"block_hashes":["xUYuNJxv9iZrrMHRI+VZSecTSYzjvK0Uj5ME3FnktoE=","MXwyG36ZEpmiTkfH9OGZ350DQ+9kFPUrYaAPYHP2ujk=","OjBsC9KTbsuuT/YphZc8WsShsGPZH1b3OJj7JafaLXI=","jsnYQPgYg1coRlK1oXQ1gJbv8EtYl7DaGbBxE6R4+jQ=","EwlmCGlHgEfvOaCeVikUW1IdH5NPKcBMFve6Bj2SnUc=","GOK+/Ckm6eoI/vmwexYoO+wTstbhaGC9d56Naexxnpg=","zUrsfbJ086YIdEkNaGG5wIskwdFnLmJ1NPui8D//Xt4=","aD97paMFp/QeQ/FKZZdvFb2iQS00wX7DfKBHZAxToTk=","M2CPh9U2xdNva5RPvRAPGuLK1Jvucwfw8WZYZfPB+Ow=","U+gqTtpukJpyLqkHU6WOIPlXzgvOwC1JEMW3oJN4QTY="],"block_size":4096,"path":"js/bootstrap.min.js"},{"block_hashes":["s/3DYa3bcAi+wHGq3DVmwq320eZlh8GrQpqALBokW3A="],"block_size":4096,"path":"js/buy.js"},{"block_hashes":["pdyYn+p+gg9qyE5NctzwLAggyvcrBJ7hPWRyc0d/+jA=","R3CTmYJUQxLPldVWbLu/4iT7SIzs+iRSfh2R2lmNMHY=","hLNvgT87Ls+1VxXL6L6z6k9JXO8vb0S7Alf91V/zHeg=","NaRWWFnMdfYmolphGPspszZhHfdMoVN5n9H5cIrgxa4=","rhGh3WezPR0RHCsWra+rsMwcKUO9EQ/3bd6u3OhBDeg=","K8ew3RjBlF1R53y2BbabqDDSgbpk+7DX+qaabv0oAww=","lkP/wYgMlpUnY2rQtSxkF7U7yAJth5VecHWc93qH+Fk=","bhMvVPWqQDfl907MKVVBDxLTZbJyN/pt2NKp9bIeCNA=","rTCl18/wVzq+d+Zp0XmP1OtcxpXUcr6idqo9dIt0KEk=","HiZNBl+18gTJMjfk3vQdSCrpJys5q4i5DaR8kLWZlwo="],"block_size":4096,"path":"js/client_plusone.js"},{"block_hashes":["ujkvt6lF7z9fcFfhMGLzCRYzii+AOK51Q1yy9kmNGcU=","py/y4L3Dw4to+ZLXwGRHAgQP4me08woBnObYT4h+yc8=","0MOkDPkltFEgTsFheZU2sTHTyGiQnVHA0eDy9ITvFWk="],"block_size":4096,"path":"js/config.js"},{"block_hashes":["yAzvtsy7Qm+93TGhfxoy1Dp/6+2m+7CtN0pFC+iZfDk="],"block_size":4096,"path":"js/config_onload.js"},{"block_hashes":["nKasctPTPmkHFGncavU0C0lRo305I9KbB5BPY5LBO8M=","qR4WgqCm+TEaRrPcFOxqUI1M1cHyy2t2WpRNuWQMetk="],"block_size":4096,"path":"js/dao.js"},{"block_hashes":["yV9gWUNskXsQqKQBt9B+NVX9USXq7KzPcNd7ICfHEu8="],"block_size":4096,"path":"js/drive.js"},{"block_hashes":["hjo8zDysGmiqH61d4/aem4c59faC74MzOsduIC8Bi9k="],"block_size":4096,"path":"js/drive_onload.js"},{"block_hashes":["JyvLz+QyCCWoY5uGZ4ef6oaXf08tGh9Q+j83cHz2E7A=","YFMNAwPVeADHxt4VhOYv6WCV9EtoSSbScrc4w4OIN4M=","nB56VovghfGyc9avMUzd4n8hvBIXJ8WhUqr6T/vWQ7c=","LGruyDyVFtHK/fNoBEpWRv5wXH9bu9lbdf0oRc2AGU4="],"block_size":4096,"path":"js/eventPage.js"},{"block_hashes":["lUj3V261wPFTxCMYKFRDFbzfAKei6mlh07NbrZjbRKw=","UAf9GY/GM9YM0M8kf+F6pCqtEuV0afqA7Zy8kXdNbDg=","624uG6XSabZCTXnq1/oCJbox3bHtD+gcXZ7khqwDjkM="],"block_size":4096,"path":"js/group.js"},{"block_hashes":["LV53zMEdUlo7HK0/Ti8gmKdNfqicmJeprGT/7csIiyQ=","pk1rjA318C83lKHMsVz1EMJBrxTFdayIbSj2ygNJhlE=","s9pVEtJM0JMR60WsSut3Ia/9s7ldiovzm4Lheff1k/w="],"block_size":4096,"path":"js/imexport.js"},{"block_hashes":["oNQAY2kcFworwZY3Z1GCWDnlVrc9wkyj84oi178Dc1o=","Z1VaOauTRfR/32iBilEWlr8FYn1vVIBrECMlV7Qr9LA=","XIwf38XHiDqWC3g9LtqDuEFx3OVUrFYioCfC8wfjGB4=","3ySdSoMeXBwvzV8NExgMO4Gx7GvOUv2aD7V58lMRZwE=","YaWC8IzuYEKmd7S2XCOToPdl5pNZvxtb9nXwgJgNz+o=","0yts0aZogZgk1ui6/HbUEqxdejzvklkoErZq+7Snd8U=","jiKdXQbtWk4jFueLCaxT9co4F/xgec9AFAqoe1YCT0U=","fFOc3fsA5D7GQq9jivuumsXPsZ4JKPuFeNvLqh5kgQA=","FLNBGyk4OtNzuxJjpWCWPkrq8vCBXE+nMZ+CcJtoyiM=","1s/R2qqwwZf6DUgbZ8FQrBFNgArzYtkhH1O8oR5Jt9E=","79EQCOVOMjbaz9IBNZG+7WG7EFke+wgYFQlpFhQEq6Y=","KHbYjgmBqcJBU1jZ2+3d0FOGcAY93u9sSaaBYjlZXWM=","/zyB+eNCptdoNi1K+RWX1kZVMjXIfrsSIEyUEEO1HZ4=","qZd4+r4oVEkM8/cnYB4WYSZ1KfHtf+jAJASJ6K0lfms=","ByJF0x1uqbyeXa69AK84M/5m9iBGXlE4Nv+i0VQX9fE=","OUscT2paoNcjNvWPWtURwR9H4qmmJjulE8i9lc+LCDM=","K5OpTEhHbtLwVcSGY1Q6P+2q75kvd4nAU6VnXkNRz4k=","UGHOUEE5lwUecQV1mqDnLRrzjxAt0ZJIwPK32q++ACU=","UlS0AH+xrgtNbo2d5l4Hs7gY2rF7eb1cOSaRtz10Sxc=","luIr3f5SwwBReQLpmpVIfqs2k4ZAm7Jco42WL0YdDWI=","IixOSTAqqhGPCrjJHgWQp78/YBPdbLwb0Jz5BmDzZRQ=","pYeBs19cQPZtxQCHDfg6Q5dUdCzKF2h5Lz0+XbgZWdE=","qyMauaRakWbf+fUwVfsZL/KVqvTWMiqvmPLOL70cV7w=","FdafdjXznnn5OZPEVyXcZejNuzUVN7Ffu8yklDq5U34=","6ald3zbIh/5rIDdFS8DzXw/n1KkAX4jBGnwIvJuNIzE=","66h24J0673OT6d2wmopby18FLp4Pgy8xkKnc8dX2FHA=","eBntcC2unR/yxplMR3rqqU7u7KA5IdcCdqkbrzRN2A0=","sq+rTDVVyfCTaApOvbAtSbGAJlyO1JqAO7utwB6CFHA=","t0kYuHQnU68SZiwb8ZX8m0V5vK+9Hz8RKTmb3Kd6cRo=","lw0hu91X4LwQArDGuh7G2zhfUT4qBdXu2JiZijpIczc=","mkXTMeJQyKxRDCigBCE2AImUE6JJEAQxjAAypapUs1o=","cZpse2a0/MCM1A2IjwTXKzQp+VXJnYxWd2MaHEnYF6Y=","4vQC3oVgFpj6FhUCiu9tx3goOu5wCF4xAn5bUrKhu+I=","1Pmf1I/N2ia2UaHx6YNhXB2XoxxHXJ3d/rqB1qRYziY=","aQssJ8BjNReuEHB1+NVUWLr4SHnmp26PCozULVAxThM=","z+4D17hBFZjFgQmdDDhImDUGM7KMt9xN3vVIiRpTask=","JNET8IEDss6wSS8k4xMTgqSBQl9OgmiQ/xGf1AruTog=","omZTP1OFkzUHD4Xy2iw0bS72feWb8mj69iKaA0WbKoA=","lzU8AOwhdj1GZaIoPdV/ZY+ww70F2Rlgcm3T5SLxk1w=","KTZIiwThH64tj0J9EsjNforXKxQcaT+JGXemZ/KF5m4=","udWHlErWtdM5UI76dD0XtGTK4SJzZS5UMK4mdj9KhyU=","6YljxXxjaLRrO7mANendhrtypMvaSq8sN14Eoux76ZY=","YKNze7xFgsoS3fMsGnv0sbnCvSGRKxfKADFodYqz5OM=","jrg6qD6dj00BYKSJapuwYgRMUYS/GSnvLhQj5s1KjbQ=","t/AvQcl+6gscq2tVEIdOv/T2mx0cO60GOsNu4YxRv6o=","Xlg2VKJWNL69y1ZuZOWj9DPE0u8h6OYi+azvcvWqzTk=","HpyCFhk4e36RQv1+V227+udvutOba9fH63Mqaxhv+uA=","Y6quhN/sqJBpWjfPmPnB1d0f+8k/nt/a4b0EvgZtdNg=","hy4a2dl+6eOJdRn9UmWLtf8o21guq2SET3HY0Lw1wOk=","PtJVj33JJXlzNjdmDrk0voHTi5Wx/FOVA6kjXqzfyAw=","rx2UifsrofAw0DuGcYalDcMDcbrE9cmFSO9md4ZiDBc=","nN0rsfcEVYamct4KZELk4Rajphs2DHjar6sijwcwp2k=","imyvr8BKY0+BpoZCrQOb4bDBu3F4HWOwUYhl+iAc6oY=","SbrQQJGWA3NKbW9QMVdL114aI1ZJpt3/DRdb0W2Z7iE=","1+Ykw0NfC2U3lz7A5gocNFNjV8+GIjG98HX85nGMxUw=","DRwV57w8YZ9HIThx3wGCzJnGKuluo4nrSnad1q3fZHE=","Nxb65cRISDNThtxrrYF6TLrhv8PBOM4OfE9iDoCnmQg=","tUiRnQoviBgAHh6V+hZXe3U0h2duzKhQ9HaenTlsplo=","uHlF7qQIcd1Hq+tXRqRVnA5/k9ZGmmR2W3JJxOUvxdM=","KWTEgUzaA0yRNcB3998eDO/D3diMcSwgqARMiCkyMLI=","auulpt4vgiQgg1llI2RhCpo8bI9LZB0Pn5SmF7giLU0="],"block_size":4096,"path":"js/jquery-2.1.4.js"},{"block_hashes":["jQluSQYHMXUkspaekcx1UuNsuyieOj2WJhRljnSN4/A=","xRc9c3/bJrqUYZ60YwWY6p5ZUmY/xj5NSPETsvpzoHg=","+EmMSms3NjO/WxiQVBGLzlY4JCSOtFGCRbAtAb/NJlU=","rx+zvZkbujzUqsrp1qym9qbGeDbMji2dDK3LDzXXuSg=","Sax7ju78/EDIRTNma4h7AYgzfC7pKAvjGKacIhnRadE=","0Bq/u/AGZ2rY3e2pL4tDqmM9p0rTOURRJG2u0jABByA=","JAsb2yFYTWrhUXjprmHqX5zD3iBs2wOTh6Y/MhKFUqk=","4NhCXffM+1gtKi1aKqKVWehkueUFsu6aB3kVtIblqOU=","z9xJTaRk+eFxp20xOGkQiy1wE3uhn9b+tk1M+3q+qhA=","f5V+BHu1cvTqtUARIcRXP8S6r6WGGrzEilSNTi0w8Tc=","Zq+DF17WhDvIQuqrRMtTh5xriEsoVVN06AMvkZARDrk=","QYwvPPlAxxVUslaLRpveY9RVdnn7/EdW3V6wLJXvXZ0=","JpP5R2yz7a3gZNcfgYeLoW/M1dHcZ3Wy13iCr/V9r7M=","+1NV9Yk9t3sh5lsntVz0DE8NLAX7FgApZ8PlrmiN7SQ=","v9EYdwEp04u68zdqGtNDWD7qeqkDAovv0bheUPM1z0U=","Ev6QdWdqZuzC4vzLzNxIlVmMPyBfZfwkPsWxe/mdx1k=","+5WdlYlJY51VyIatK9+dm2SOcq5NBL7p/2xjwsi7oGA=","FWTIBMuy28EIxsOakwu0QdazWaJzHUVWNFPsGf2RgWc=","IEvmBfFua6OHtUv1Iz4/8BSpAqAnAPIPevPZOFk3Nvc=","YtMHi96gspYQrKoMFAiK9PVv4mHMz3Ac5NCsPrEvKBs=","MA0kF3RpOg262RiI1daYi/qA+Jsw8WHdlzwNPZMhOOI=","sXsxUM+fTU/ZflwnF6l2rfiXM9/j1uji6G7rPZyT6sA=","e4RxMqhtU4zQntauuvI4Nel3vHQYxNuG421APCC1vfo=","nao2jXFSBHj6k764FqzKABcURjTDw7YeJF7INIp0vqE=","IdNSkgtjf0yWO8o/3NXyFKVRDFLM9NfJXDGKXOTtOPw=","ALOn3MKqhsLkBKNaNWcbwh5Kbul/clv8i+9MZLwQJDg=","RKu6MyMRijtf96JjhjA7yLc1uMjOtrb2NPEzflf9AD8=","ylPgyuqC7cSDjeYu31c/YTiIO0kIPQ0VlmXwNKqrHUQ=","AeMSwfy7tCa2BXnDFzIVE3gDNixzsBBm1R7afJIlHbg=","HZIcNuXeu3fQqs8BFcB4alz8k9EE1v7RMJBykbwevIM=","y5GwUBGpXfMrmDU1UK5l/shPs1CiAQGTzLT9BwxGT9A=","l9NBjeDvs7NAwT/ibIJaUHZwbkLnxO4XdM/aINTvbHI=","D/QCXnt59zKxr3ghtQSMVJ0ExgkZsTJQR8JlcswAR2A=","XMMOpKMhXiU7s4hmTSQXKn9UptLbux8KZHQa2iiZnMQ=","QgsvQl88KcrbyM4SwaUKSmVA/o98EiSPpw1AJYD0VF0=","IrGZt0ry//UT6vbvTyaqViYuXKd8kyfIcSaHLvi3d3g=","HrcqMJh0ez6KElVDpOWRO7vV0Si7a5+l5zj82BDJ/u8=","NB6W2X/uaHvIJuJnE6m4cP2BLTfAxssGrEffopipiC0=","L7wmCHwYqcyMlb4jj1Fgy1M8/unjNOFwSDIQKD40sVQ=","vBSwT2BxdVmP6mL6aHKly42mAaCTWPzv1mLPM884Mz8=","YInv7pH7KvBPz0M6RXjtjWldJ8W/USXLL3noNfJGcqw=","xCnKMDST5sHYqx6PEzUW4rEM/0FbPMm4WQPl3gUdG2E=","AUV/lpsrq7Z9RE2OM2k1turmoyDMcQEIickBOCHk2qo=","62DH3Wn4FbVA+TKiQrFDejl8zkYo9AYy+8EKtc+SbLE=","emTg8rgtOS1ZeTCb7QRsk6SBCGFdBvK/68zj4oVCWbs=","hyQ4OzPttnV6AyHCOjI8m/393b+bEgd10o0pJpLHOiY=","fopVQJcxVWmiVtJgQaY3llhG1g7NahLyQ4UEh926WNQ=","9JhV6VLUB2fybcN4umtNub+VYYwb0F6cOdVg1EpDXA4=","hErUGvxIdZtXj2gWEaBpiKeQU+/h5SQ5lBCuWpkUyqg=","PNfJPbiEZEBJjgFwPAMIepcmHGOb6xQL8kIC0w06oIo=","VOU5XZDMX+lft/F1NyLdJ4Y6mhSUhbK2sKgd8pJXLDM=","acXZc3rdYHKL6HlhItza0Fj0WI81nuy6vvYAqbEhtRY=","fQubueB4gRmugW9bJ955PrN+d17roGwG8spA6YrLN0c=","GmG8rOfTharEN2nGqV7+j/6J0FhOpoDCmwKfUos0C40=","v8QVdQJFQkLIzO93YQln38cFuTL6ODTw/rdlCgEH0Qs=","cniGuQsexsOkvcXNzx8WRCl3G5sCATtIJtrTaL86Lbk=","RZdWxQh/0uxpEDgDzrT7m0T35ZNi6OLrFQf3HRUEX0k=","i8XeMBsUhA8AtmE0O3CZE/izBo8wWDOjNPMBMF/uB/o=","BhqFZJ8+aj9qBJM364l7sY/A6gmvpGGY9v87vgPUszc=","qXMindBmuT6SONFxNo/O46QT4/xyQgn43l7dxlhChj8=","hMDcTNPlvcQYaJChsLl4dF9RFgLmWPPyiEeFa6Snu3Y=","dgXF8DU6tuyc65be8EuyyCPGu60/AFC412lVB8yovuk=","1wzuo7VeAkvew/jDb4Ry6u7DF3b5hOu4GIgxy0xAZBk=","YZB7XPicX1uQ6wMlJbtvV8gclcNHdukMNEJOfcBjafA=","/Fp7A7Uw9qN2smkoyEaAT1hoGwmsB4HPCPu55LvVySM=","uP8sJeCRr6hl7f3eGt3/fPkAUAaCI3nqBg/v4Qh9+gU=","q8GVmPLcKgJAk0pKF0lWQs6VanPXDQMo2slkghUXhlg=","4LDB83/Pd7Wjcfy/7VWRx2lX6bDgOmHkJTCmQ8bXlcw=","tih9wmT0f2s4ozBsl4WsC0ipBggwSWv8+k4f+Tut1Nw=","QzLl1q1BVA7cU8t/1qI8U6vk3BG61xooCHj3bQTjOLY=","CgzpFaMTVXW9J1VTQbBxA+EqRXPG48nuSK9LG2GtxrU=","0uhXk8UAJVXNsojOmiIXd2gY4K27Tz2Es9Ry3QFV3Bs=","j12yolYwxguVay7SODjEcHPgBJMZGkFpW8nd2FB5ebk=","YKXe15/Dv/N/7uV3BSOJ9nCfj6fzU3IPFwTOjC1mGjQ=","ZaH50ogKp47Sx6Hfydvj7F6GzwKrb3NKd0Rf2YpkfIU=","4ARb5qfRfHIDNNz+kCHHHRWuVFhwqwLfwb1gZcYD0Mk=","KlDlRGLD6O1Kc/iPY+sc+aKo5oW1vii9kBdGRF1dhos=","DAl/5Bn27kZNom8szgb+kj95BUciHw8/JHGiaP6ndRc=","Ah1d0iIORB2cV5K/r3EhKomTVzcofCjNbUZRp6tmm74=","mzmYwF515JB9jeiYiGHKtUbTqJ9HlkeA74/5+uAChBQ=","GVqusU2ER6eEiZMR0NqFZMssUy+V9ONHEvAQriR2shM=","Scpc4qSoORA4UDlmqmLFkxM+PqsynbuXOqOvg4KBqN0=","JQNlqO6N7lZ2Y1/hGlnujJH6FzKEO0bscymdkFRJ3Gg=","kzON6r3uZAUJCX/KIGkaDyzbDw9vdm+n7Bc1BnN4OCM=","RjJCd69X55faBeqwDw4g94r0WHymldMDpsZHAV9z2XI=","9GpzYoHzHr+0ZoVMJqn4//ZKVslblJg064rU7Gs9nZ4=","IyUIvvhQoUdAMcDgvQQNLZBFEmQYGavxH7eVr+MsA3c=","ATWgl3BiNncvYTCNmEJtn2OD7/h5mY8aflcTA6nWZPA=","hE5oum2uMdnHqpQt8BIl81NaoaIgaU7FxKQsusinWsw=","zY7wmUEd/NtW8/yuXcAc+m1ei3FSEqZbPXyrQAzPVkE=","p3bt+4yVpSvfa9g/1KQ7di1cGrjn2WL9XT6TC7NuPyc=","jgGjnoR1PFrGIGqMOfeLQI4zYikEa29OrNKs0vUOhtg=","8h/4e4AqQoOcu4oT0VkhJwHt3sSGdnnW+v9+DRzBJIg=","R053QrlBzjyXX396MrgoOM7V9Oxtp1fi0f8fAos1fjQ=","7Tl2kKJzCYITosd66MACFP3uRcxInM95YyxISYrgAIk=","dxoCX/N+oJui1i1/nBx63dr2xRzsqszQJ4dRSZC1QmA=","nxqYq8to443LtunE1Zz0poqrrsqQgJJWfUr3HVgNBck=","MaLFyoSnX+rvGfXdIwpLybxcfgPu7vBPPDc3Bjc5BSE=","SoWeIhvzTl6PxKfDS65A5UTiYNp+Fm/1okT9G2x2cyA=","2ReKtp3Uo6bUh1Xt7gBikftsoGXBQmx2m4SU7Jgkprs=","5ScEC61r02SxQcMnt8UIGw+/Yzo6tepaDUMhICeK5iw=","/rqNzIIGzJiatkn9xUhIIymoGF/vA5noLyfQ45K1FX8=","Ks9KN5CkesoBvCncVPueuMyCgz0h3F2kCfnh/nlNiKc=","r73Tt8PIPlDz2YbByjRbGlkSGrbA5r3XWmVXlafelOg=","zWqkV/1gcffJDh9eOIK3rbKC1VbzTG1wM2n2oZfIcQo=","rhZfKcTeu4cCvtW/pHGZZ5f//IbRovtyKmxCAHM8JnA=","DMBO/DH9mCVRSGL+kKx+zEdABKupEdtsbEC4xCWnKDU=","M0aunWmqgGoGYHODlXiWPhtTIwmJpgMLhX+iWgWw814=","vPr3Kc9fAvFmTB77R5aunIoaeI1nkOpTnX3xbBQMVPE=","iyih9HtU23tDv+5ZQp7d2x2PQDJ9pXhhtls1Njz71UQ=","IfgZyhL/OEXAuCkRWCj3xAXyiIok6jKegfCTK6gNBXo=","iZSeMG1KhR+K86PCqrta1RPMHOrAufjHwdYzZzC4iC0=","/fSwQrJ8zLbT+28j/3Ktktgk2HD/EYoDKUgDaaRp+AY=","1wWfWbpLa9DJVEBRcI2ck2UfMmxUzsH2KCYqj97kXOM=","IyzfG5Bi9xXe6ie7egLARq47nG5ko43nyWgu3qlklxg="],"block_size":4096,"path":"js/jquery-ui-1.11.4.js"},{"block_hashes":["rUbZb82xMdnepjTMmQn62vkyFc0ioeY7DXv+C8QFhME=","+Q3Jins9gB/U9TLTMHAjDTQ/+SOXpj4u+hKsYb7/0xU="],"block_size":4096,"path":"js/jquery.collapse.js"},{"block_hashes":["flDvdV2uUWVjS0HCDG0/UqElyiwg54vauPtEpySFJes=","IZKDvJg39GDeGiLuxqt5QAmo9Ys4XoG9aV/nwZchJ+c=","Is5rOEzpK1PAj/mslLA99iARmm7CexTVW1GYX9FnJjs="],"block_size":4096,"path":"js/main.js"},{"block_hashes":["F3c7zifyPwvUpjEFCMXeVZII1cpCHMnoU3whfhBkunM=","gt8ZG+QLHz7kasAc0w0LQczJQl3chr8rEu+GDQxG+jU="],"block_size":4096,"path":"js/main_onload.js"},{"block_hashes":["wmMN4pjO93FylNsFGQujhHjUmXpWbz7xlmpQGNlshlQ="],"block_size":4096,"path":"js/payment.js"},{"block_hashes":["V0mTmEF/XsqOf5sdgfIKrLcYmCF1DB6K1pVGMpgFoPM="],"block_size":4096,"path":"js/payment_onload.js"},{"block_hashes":["gY68DljEdhxH+hjImYTCZjBIn5KVUeDxnEx6pqioGIo="],"block_size":4096,"path":"js/post.js"},{"block_hashes":["DddMTdST0uyg3cEsa/8y8RrL4aW7XLtM24KzQhDLsYQ="],"block_size":4096,"path":"js/transaction.js"},{"block_hashes":["W/Ep/UgWYyUUxeVf3/F/QLtI1eoau0/F/Baw/ScRP2c=","L0DiV124XfrbBZHwyKj7bkWscV7+2NG4FVnt13h8hNM="],"block_size":4096,"path":"js/util.js"},{"block_hashes":["4NvlnbFHHQG1NP3CXPMeZVyc5cvWnRk6xXR9xyZJeyc=","j1MokGtqmSvRXoH3lGhQ+Hd/fIlHnyMzGjbXnj96EnQ=","bB5qchOyMNTsw1ZxLHokLIrX2yz8iotKc5UVH7KSgcg=","Rnmu1q3vOrFdL1q0unjngQQOcBjl6PWjTtJ4DtuFDBc="],"block_size":4096,"path":"main.html"},{"block_hashes":["1fYw6u5eOm08BLHWAVHpemlslWgJaOI4j4lXGKWAadE="],"block_size":4096,"path":"post.html"}],"version":2}